[
  {
    "id": "/subscriptions/0cfa6593-af85-4dcb-b1a3-7ead93b8def2/resourceGroups/P2Pipeline/providers/Microsoft.Resources/deployments/Microsoft.SQLDatabase.newDatabaseExistingServer_ba69ae7b8ae44521/operations/A0495B8354D17AD4",
    "operationId": "A0495B8354D17AD4",
    "properties": {
      "provisioningOperation": "Create",
      "provisioningState": "Running",
      "timestamp": "2021-01-22T16:05:51.8644356Z",
      "duration": "PT0.5037929S",
      "trackingId": "67df683f-7ee8-4c6f-a65b-2f7f73e932a6",
      "serviceRequestId": "044d5df8-7927-48f1-a1b0-5a90743a0021",
      "statusCode": "Accepted",
      "targetResource": {
        "id": "/subscriptions/0cfa6593-af85-4dcb-b1a3-7ead93b8def2/resourceGroups/P2Pipeline/providers/Microsoft.Sql/servers/nullteammanager/databases/P2TeamManagerDB",
        "resourceType": "Microsoft.Sql/servers/databases",
        "resourceName": "nullteammanager/P2TeamManagerDB"
      }
    }
  },
  {
    "id": "/subscriptions/0cfa6593-af85-4dcb-b1a3-7ead93b8def2/resourceGroups/P2Pipeline/providers/Microsoft.Resources/deployments/Microsoft.SQLDatabase.newDatabaseExistingServer_ba69ae7b8ae44521/operations/F3FA157D76263227",
    "operationId": "F3FA157D76263227",
    "properties": {
      "provisioningOperation": "Read",
      "provisioningState": "Succeeded",
      "timestamp": "2021-01-22T16:05:51.4747091Z",
      "duration": "PT0.1140664S",
      "trackingId": "1d44cb6f-a8f0-452b-9478-0e8622a792d3",
      "statusCode": "OK",
      "targetResource": {
        "id": "/subscriptions/0cfa6593-af85-4dcb-b1a3-7ead93b8def2/resourceGroups/P2Pipeline/providers/Microsoft.Sql/servers/nullteammanager",
        "resourceType": "Microsoft.Sql/servers",
        "resourceName": "nullteammanager",
        "apiVersion": "2018-06-01-preview"
      }
    }
  }
]