{
  "id": "/subscriptions/0cfa6593-af85-4dcb-b1a3-7ead93b8def2/resourceGroups/P2Pipeline/providers/Microsoft.Resources/deployments/Microsoft.SQLDatabase.newDatabaseExistingServer_ba69ae7b8ae44521",
  "name": "Microsoft.SQLDatabase.newDatabaseExistingServer_ba69ae7b8ae44521",
  "type": "Microsoft.Resources/deployments",
  "tags": {
    "primaryResourceId": "/subscriptions/0cfa6593-af85-4dcb-b1a3-7ead93b8def2/resourceGroups/P2Pipeline/providers/Microsoft.Sql/servers/nullteammanager/databases/P2TeamManagerDB",
    "marketplaceItemId": "Microsoft.SQLDatabase"
  },
  "properties": {
    "templateHash": "5146044176014741270",
    "parameters": {
      "collation": {
        "type": "String",
        "value": "SQL_Latin1_General_CP1_CI_AS"
      },
      "databaseName": {
        "type": "String",
        "value": "P2TeamManagerDB"
      },
      "tier": {
        "type": "String",
        "value": "Basic"
      },
      "skuName": {
        "type": "String",
        "value": "Basic"
      },
      "maxSizeBytes": {
        "type": "Int",
        "value": 2147483648
      },
      "serverName": {
        "type": "String",
        "value": "nullteammanager"
      },
      "serverLocation": {
        "type": "String",
        "value": "centralus"
      },
      "sampleName": {
        "type": "String",
        "value": ""
      },
      "zoneRedundant": {
        "type": "Bool",
        "value": false
      },
      "licenseType": {
        "type": "String",
        "value": ""
      },
      "readScaleOut": {
        "type": "String",
        "value": "Disabled"
      },
      "numberOfReplicas": {
        "type": "Int",
        "value": 0
      },
      "minCapacity": {
        "type": "String",
        "value": ""
      },
      "autoPauseDelay": {
        "type": "String",
        "value": ""
      },
      "databaseTags": {
        "type": "Object",
        "value": {}
      },
      "enableADS": {
        "type": "Bool",
        "value": false
      },
      "enableVA": {
        "type": "Bool",
        "value": false
      },
      "useVAManagedIdentity": {
        "type": "Bool",
        "value": false
      },
      "enablePrivateEndpoint": {
        "type": "Bool",
        "value": false
      },
      "privateEndpointNestedTemplateId": {
        "type": "String",
        "value": "pe-a5b52885-1034-4fba-8d4b-b3b0a615a00e"
      },
      "privateEndpointSubscriptionId": {
        "type": "String",
        "value": ""
      },
      "privateEndpointResourceGroup": {
        "type": "String",
        "value": ""
      },
      "privateEndpointName": {
        "type": "String",
        "value": ""
      },
      "privateEndpointLocation": {
        "type": "String",
        "value": ""
      },
      "privateEndpointSubnetId": {
        "type": "String",
        "value": ""
      },
      "privateLinkServiceName": {
        "type": "String",
        "value": ""
      },
      "privateLinkServiceServiceId": {
        "type": "String",
        "value": ""
      },
      "privateEndpointVnetSubscriptionId": {
        "type": "String",
        "value": ""
      },
      "privateEndpointVnetResourceGroup": {
        "type": "String",
        "value": ""
      },
      "privateEndpointVnetName": {
        "type": "String",
        "value": ""
      },
      "privateEndpointSubnetName": {
        "type": "String",
        "value": ""
      },
      "enablePrivateDnsZone": {
        "type": "Bool",
        "value": true
      },
      "privateLinkPrivateDnsZoneFQDN": {
        "type": "String",
        "value": "privatelink.database.windows.net"
      },
      "privateEndpointDnsRecordUniqueId": {
        "type": "String",
        "value": "a5b52885-1034-4fba-8d4b-b3b0a615a00f"
      },
      "privateEndpointTemplateLink": {
        "type": "String",
        "value": "https://sqlazureextension.hosting.portal.azure.net/sqlazureextension/Content/2.1.01480107/DeploymentTemplates/PrivateEndpoint.json"
      },
      "privateDnsForPrivateEndpointTemplateLink": {
        "type": "String",
        "value": "https://sqlazureextension.hosting.portal.azure.net/sqlazureextension/Content/2.1.01480107/DeploymentTemplates/PrivateDnsForPrivateEndpoint.json"
      },
      "privateDnsForPrivateEndpointNicTemplateLink": {
        "type": "String",
        "value": "https://sqlazureextension.hosting.portal.azure.net/sqlazureextension/Content/2.1.01480107/DeploymentTemplates/PrivateDnsForPrivateEndpointNic.json"
      },
      "privateDnsForPrivateEndpointIpConfigTemplateLink": {
        "type": "String",
        "value": "https://sqlazureextension.hosting.portal.azure.net/sqlazureextension/Content/2.1.01480107/DeploymentTemplates/PrivateDnsForPrivateEndpointIpConfig.json"
      },
      "storageAccountType": {
        "type": "String",
        "value": ""
      }
    },
    "mode": "Incremental",
    "debugSetting": {
      "detailLevel": "None"
    },
    "provisioningState": "Running",
    "timestamp": "2021-01-22T16:05:51.8349403Z",
    "duration": "PT0.9352853S",
    "correlationId": "e94be6a4-8795-453f-88a4-8700ae5315f8",
    "providers": [
      {
        "namespace": "Microsoft.Sql",
        "resourceTypes": [
          {
            "resourceType": "servers/databases",
            "locations": [
              "centralus"
            ]
          }
        ]
      }
    ],
    "dependencies": [
      {
        "dependsOn": [
          {
            "id": "/subscriptions/0cfa6593-af85-4dcb-b1a3-7ead93b8def2/resourceGroups/P2Pipeline/providers/Microsoft.Sql/servers/nullteammanager",
            "resourceType": "Microsoft.Sql/servers",
            "resourceName": "nullteammanager"
          },
          {
            "id": "/subscriptions/0cfa6593-af85-4dcb-b1a3-7ead93b8def2/resourceGroups/P2Pipeline/providers/Microsoft.Storage/storageAccounts/sqlvavmmtvk3hs544c",
            "resourceType": "Microsoft.Storage/storageAccounts",
            "resourceName": "sqlvavmmtvk3hs544c"
          },
          {
            "id": "/subscriptions/0cfa6593-af85-4dcb-b1a3-7ead93b8def2/resourceGroups/P2Pipeline/providers/Microsoft.Sql/servers/nullteammanager",
            "resourceType": "Microsoft.Sql/servers",
            "resourceName": "nullteammanager",
            "apiVersion": "2018-06-01-preview"
          }
        ],
        "id": "/subscriptions/0cfa6593-af85-4dcb-b1a3-7ead93b8def2/resourceGroups/P2Pipeline/providers/Microsoft.Storage/storageAccounts/sqlvavmmtvk3hs544c/providers/Microsoft.Authorization/roleAssignments/dce62605-1823-5c07-8d40-e2e5ea56be80",
        "resourceType": "Microsoft.Storage/storageAccounts/providers/roleAssignments",
        "resourceName": "sqlvavmmtvk3hs544c/Microsoft.Authorization/dce62605-1823-5c07-8d40-e2e5ea56be80"
      },
      {
        "dependsOn": [
          {
            "id": "/subscriptions/0cfa6593-af85-4dcb-b1a3-7ead93b8def2/resourceGroups/P2Pipeline/providers/Microsoft.Sql/servers/nullteammanager/databases/P2TeamManagerDB",
            "resourceType": "Microsoft.Sql/servers/databases",
            "resourceName": "nullteammanager/P2TeamManagerDB"
          }
        ],
        "id": "/subscriptions/0cfa6593-af85-4dcb-b1a3-7ead93b8def2/resourceGroups/P2Pipeline/providers/Microsoft.Sql/servers/nullteammanager/securityAlertPolicies/Default",
        "resourceType": "Microsoft.Sql/servers/securityAlertPolicies",
        "resourceName": "nullteammanager/Default"
      },
      {
        "dependsOn": [
          {
            "id": "/subscriptions/0cfa6593-af85-4dcb-b1a3-7ead93b8def2/resourceGroups/P2Pipeline/providers/Microsoft.Sql/servers/nullteammanager/databases/P2TeamManagerDB",
            "resourceType": "Microsoft.Sql/servers/databases",
            "resourceName": "nullteammanager/P2TeamManagerDB"
          },
          {
            "id": "/subscriptions/0cfa6593-af85-4dcb-b1a3-7ead93b8def2/resourceGroups/P2Pipeline/providers/Microsoft.Storage/storageAccounts/sqlvavmmtvk3hs544c",
            "resourceType": "Microsoft.Storage/storageAccounts",
            "resourceName": "sqlvavmmtvk3hs544c"
          },
          {
            "id": "/subscriptions/0cfa6593-af85-4dcb-b1a3-7ead93b8def2/resourceGroups/P2Pipeline/providers/Microsoft.Sql/servers/nullteammanager/securityAlertPolicies/Default",
            "resourceType": "Microsoft.Sql/servers/securityAlertPolicies",
            "resourceName": "nullteammanager/Default"
          }
        ],
        "id": "/subscriptions/0cfa6593-af85-4dcb-b1a3-7ead93b8def2/resourceGroups/P2Pipeline/providers/Microsoft.Sql/servers/nullteammanager/vulnerabilityAssessments/Default",
        "resourceType": "Microsoft.Sql/servers/vulnerabilityAssessments",
        "resourceName": "nullteammanager/Default"
      },
      {
        "dependsOn": [
          {
            "id": "/subscriptions/0cfa6593-af85-4dcb-b1a3-7ead93b8def2/resourceGroups/P2Pipeline/providers/Microsoft.Sql/servers/nullteammanager/databases/P2TeamManagerDB",
            "resourceType": "Microsoft.Sql/servers/databases",
            "resourceName": "nullteammanager/P2TeamManagerDB"
          },
          {
            "id": "/subscriptions/0cfa6593-af85-4dcb-b1a3-7ead93b8def2/resourceGroups/P2Pipeline/providers/Microsoft.Resources/deployments/SubnetPolicies-",
            "resourceType": "Microsoft.Resources/deployments",
            "resourceName": "SubnetPolicies-"
          }
        ],
        "id": "/subscriptions/0cfa6593-af85-4dcb-b1a3-7ead93b8def2/resourceGroups/P2Pipeline/providers/Microsoft.Resources/deployments/PrivateEndpoint-",
        "resourceType": "Microsoft.Resources/deployments",
        "resourceName": "PrivateEndpoint-"
      },
      {
        "dependsOn": [
          {
            "id": "/subscriptions/0cfa6593-af85-4dcb-b1a3-7ead93b8def2/resourceGroups/P2Pipeline/providers/Microsoft.Resources/deployments/PrivateEndpoint-",
            "resourceType": "Microsoft.Resources/deployments",
            "resourceName": "PrivateEndpoint-"
          }
        ],
        "id": "/subscriptions/0cfa6593-af85-4dcb-b1a3-7ead93b8def2/resourceGroups/P2Pipeline/providers/Microsoft.Resources/deployments/PrivateDns-pe-a5b52885-1034-4fba-8d4b-b3b0a615a00e",
        "resourceType": "Microsoft.Resources/deployments",
        "resourceName": "PrivateDns-pe-a5b52885-1034-4fba-8d4b-b3b0a615a00e"
      }
    ],
    "validationLevel": "Template"
  }
}